cast_number,year,latitude,longitude,temperature,oxygen,pH,chlorophyl
8409841,1933,42.67,-66.03,6.64,329.,8.09,7.55
379084,1962,-2.57,-80.108,24.51,188.,7.82,6.464
379221,1962,-2.77,-80.58,22.78,217.,8.24,0.646
379290,1962,-3.38,-80.58,22.30,246.,8.15,4.540
379413,1962,-3.13,-80.85,21.25,229.,7.93,3.485
379592,1962,-2.57,-80.108,24.01,202.,8.08,12.136
379690,1962,-3.143,-80.07,22.82,215.,8.31,3.541
416345,1963,-60.772,-44.670,-1.10,---*---,7.90,1.02
416612,1963,-62.240,-17.267,-1.76,339.,7.90,0.23
416627,1963,-63.512,-12.422,-1.71,322.,8.00,0.16
416725,1964,-77.953,-38.733,-1.58,343.,7.86,1.02
9617602,1964,-77.953,-38.733,-1.20,343.,7.86,0.54
416779,1964,-77.570,-40.963,-1.27,366.,7.98,0.51
416790,1964,-77.367,-33.942,-1.38,348.,7.84,0.28
416800,1964,-76.700,-30.0,-1.14,359.,7.85,0.31
416819,1964,-75.500,-26.600,-1.31,342.,7.80,0.22
416856,1964,-72.047,-17.740,-0.50,353.,7.82,0.54
439992,1964,-17.68,-140.17,27.10,202.,8.23,0.030
440011,1964,-17.73,-142.47,27.08,202.,8.27,0.040
440039,1964,-22.28,-141.22,26.09,201.,8.30,0.060
440088,1964,-25.,-141.95,23.55,213.,8.25,---*---
440113,1964,-22.65,-143.03,25.62,204.,8.30,0.040
440135,1964,-20.37,-144.43,26.27,204.,8.31,0.030
440155,1964,-18.60,-146.08,26.79,200.,8.29,---*---
440468,1965,-16.27,-138.82,27.25,199.,8.27,0.040
440507,1965,-17.40,-136.75,27.24,200.,8.22,0.030
440562,1965,-16.40,-135.18,27.40,200.,8.27,0.050
440661,1965,-18.075,-132.73,26.89,202.,8.25,0.020
440815,1965,-22.85,-131.57,26.31,199.,8.23,---*---
440865,1965,-24.93,-130.13,25.53,205.,8.31,0.030
440935,1965,-24.95,-132.13,25.62,207.,8.23,0.020
441260,1965,-25.12,-136.33,25.74,201.,8.31,0.020
441296,1965,-22.28,-136.77,26.95,198.,8.21,---*---
441335,1965,-19.52,-137.27,27.75,200.,8.24,0.030
441388,1965,-17.40,-139.05,27.48,199.,8.23,---*---
456313,1965,-17.27,-142.72,25.73,201.,8.02,0.050
456405,1965,-16.70,-139.95,25.91,200.,8.28,0.060
456498,1965,-16.12,-137.45,26.24,203.,8.27,0.090
456610,1965,-15.60,-134.53,26.19,203.,8.28,0.060
457005,1965,-23.50,-136.37,23.63,207.,8.28,0.030
457104,1965,-20.75,-136.27,24.13,211.,8.31,0.040
457182,1965,-18.03,-136.25,25.30,204.,8.28,0.050
457276,1965,-17.18,-135.,26.15,203.,8.28,0.070
457361,1965,-17.28,-132.78,25.78,200.,8.27,---*---
6652037,1965,-19.50,-133.25,25.09,205.,8.30,0.040
457669,1965,-23.53,-134.30,22.40,213.,8.28,0.030
457779,1965,-23.18,-135.20,22.59,219.,8.31,0.030
458290,1965,-24.43,-134.13,21.41,218.,8.28,0.020
458347,1965,-24.45,-137.,21.82,217.,8.32,0.040
458425,1965,-23.50,-138.97,22.86,213.,8.30,0.030
458717,1965,-20.27,-139.,25.28,203.,8.27,0.040
458828,1965,-18.37,-139.05,25.63,200.,8.28,0.040
458934,1965,-17.33,-138.97,26.06,200.,8.28,0.090
459030,1965,-17.65,-141.,25.71,203.,8.29,0.040
459423,1965,-20.88,-141.17,24.28,207.,8.31,0.040
459555,1965,-23.37,-141.50,23.32,210.,8.28,0.050
459716,1965,-18.88,-143.23,25.58,200.,8.28,0.030
463662,1965,23.35,129.83,24.50,220.,8.30,0.0970
463794,1965,13.90,129.90,27.90,209.,8.19,0.0640
6657038,1965,-39.90,-96.92,12.07,268.,8.21,0.0770
6657268,1965,-39.93,-107.40,12.43,266.,8.28,0.147
8469286,1971,44.6708,-63.60,11.51,272.,7.86,2.56
8469287,1971,44.6708,-63.60,10.65,272.,7.86,3.37
8469288,1971,44.6708,-63.60,15.05,254.,8.22,1.03
8469289,1971,44.6708,-63.60,18.35,229.,8.38,4.25
8469290,1971,44.6708,-63.60,16.81,232.,8.11,2.70
8469291,1971,44.6708,-63.60,18.11,235.,8.06,4.05
8469292,1971,44.6708,-63.60,19.82,224.,8.05,3.58
8469293,1971,44.6708,-63.60,21.21,221.,8.02,3.44
8469294,1971,44.6708,-63.60,20.06,225.,8.13,5.46
8469295,1971,44.6708,-63.60,20.76,230.,7.58,6.27
8469296,1971,44.6708,-63.60,19.30,312.,8.21,27.00
8469297,1971,44.6708,-63.60,16.56,270.,8.06,6.41
8469298,1971,44.6708,-63.60,17.92,259.,8.04,9.98
8469299,1971,44.6708,-63.60,15.51,265.,7.92,2.84
8469300,1971,44.6708,-63.60,13.92,250.,7.83,0.13
8469301,1971,44.6708,-63.60,13.89,269.,7.95,0.37
8469302,1971,44.6708,-63.60,13.43,258.,7.92,0.15
8469303,1971,44.6708,-63.60,11.44,272.,7.93,6.61
8469304,1971,44.6708,-63.60,11.80,263.,7.85,0.17
8469305,1971,44.6708,-63.60,9.14,265.,7.76,0.070
8469306,1971,44.6708,-63.60,3.84,311.,7.90,0.020
8469307,1971,44.6708,-63.60,4.28,313.,7.93,0.070
8469308,1971,44.6708,-63.60,1.23,337.,7.92,0.81
8469309,1971,44.6708,-63.60,1.62,349.,7.97,0.17
8469310,1972,44.6708,-63.60,-0.54,372.,7.69,0.50
8469311,1972,44.6708,-63.60,-0.70,392.,7.60,0.38
8469312,1972,44.6708,-63.60,-0.30,376.,7.67,0.30
8469313,1972,44.6708,-63.60,-0.48,359.,7.90,0.75
8469314,1972,44.6708,-63.60,0.020,421.,7.22,1.00
8469315,1972,44.6708,-63.60,0.69,386.,7.74,1.33
8469316,1972,44.6708,-63.60,4.10,366.,8.01,1.96
8469318,1972,44.6708,-63.60,7.17,332.,8.05,2.02
6784139,1975,44.52,151.0,7.90,312.2,8.292,---*---
6784177,1975,49.512,158.06,5.90,351.6,8.322,0.97
6784205,1975,52.0,162.0,7.10,321.8,8.230,0.64
6784415,1975,54.507,164.42,7.50,316.1,8.182,0.44
6784469,1975,56.958,167.13,7.90,318.8,8.371,0.46
6784517,1975,57.0,171.0,6.30,313.4,8.305,0.78
6784531,1975,56.998,174.978,5.70,317.6,8.233,0.63
6784566,1975,57.0,178.998,5.50,322.6,8.221,1.07
6784572,1975,57.04,-176.963,5.60,338.2,8.372,0.44
6784691,1975,57.0,-172.478,5.40,325.3,8.339,0.45
6784716,1975,56.992,-168.0,5.30,335.2,8.335,1.84
6784740,1975,56.987,-165.532,4.00,352.3,8.382,2.14
6784764,1975,56.993,-162.98,5.80,352.3,8.345,1.73
6784794,1975,58.253,-164.932,3.20,332.0,8.216,0.94
6784810,1975,58.5,-167.0,4.50,336.1,8.347,2.13
6784827,1975,58.262,-167.0,3.95,361.1,8.363,1.33
6784840,1975,56.0,-167.0,7.00,313.7,8.351,0.62
6784847,1975,54.995,-168.0,6.80,304.73,8.254,0.55
6785101,1975,49.995,-155.0,8.60,301.1,8.211,0.99
6785647,1975,49.985,-144.468,10.30,287.7,8.156,0.40
6786138,1975,47.932,171.0,11.20,285.0,8.152,0.42
7818779,1977,1.0750,123.4667,29.63,182.,8.05,0.61
7818778,1977,1.000,123.7889,29.45,187.,8.15,0.14
7818781,1977,1.1333,124.1000,28.72,177.,8.10,0.52
7818782,1977,1.3167,124.3444,28.51,184.,8.23,0.26
7818783,1977,1.6000,124.6167,28.96,179.,8.15,0.41
7818787,1977,1.5833,125.3333,26.52,191.,7.95,0.59
7818788,1977,1.5667,125.5500,26.43,187.,7.75,0.97
7818789,1977,1.6000,125.8667,26.54,191.,7.75,0.48
7818790,1977,1.5917,126.2583,26.96,184.,8.10,0.35
7818791,1977,1.5667,126.5917,26.92,185.,8.05,0.39
7818792,1977,1.5833,126.9000,27.05,184.,8.10,0.31
7818799,1977,0.70000,126.5000,27.08,184.,8.05,0.39
7818800,1977,0.83333,126.1167,27.23,189.,8.05,0.35
7818801,1977,1.000,125.7500,26.88,191.,8.20,0.66
7818802,1977,1.1000,125.5500,26.96,198.,8.15,0.57
7818803,1977,1.1833,125.3667,26.79,200.,8.05,0.94
7818809,1977,1.2500,125.1667,26.25,191.,8.10,0.92
7818811,1977,0.91667,125.000,26.10,197.,8.10,0.58
7818812,1977,0.80000,125.1167,26.60,200.,8.10,0.40
7818813,1977,0.66667,125.2750,26.82,198.,8.10,0.47
7818814,1977,0.53333,125.4167,26.92,205.,8.15,0.29
7818815,1977,0.27500,125.7167,26.70,207.,8.15,0.90
7818822,1977,0.000,126.000,26.75,207.,8.15,0.36
7818825,1977,0.050000,125.0750,27.31,198.,8.05,0.17
7818826,1977,0.35833,124.8667,27.02,197.,8.05,0.15
7818832,1977,0.50000,124.7667,26.56,205.,8.10,0.34
7818833,1977,0.65833,124.6833,25.74,193.,8.05,0.47
7818834,1977,0.33333,124.2528,27.64,184.,8.00,0.22
7818835,1977,0.13333,124.3000,27.20,203.,8.05,0.48
7818836,1977,-0.050000,124.3333,26.34,196.,7.95,0.48
7818837,1977,-0.38333,124.4000,26.61,197.,8.00,0.41
7818844,1977,-0.71667,124.4667,26.58,203.,7.90,0.37
7818846,1977,-1.5000,124.5000,26.90,192.,7.90,0.19
7818847,1977,-1.2000,124.1667,26.12,174.,7.94,0.77
7818848,1977,-0.90833,123.8306,26.10,178.,7.95,0.74
7818855,1977,-0.58333,123.8500,25.94,205.,7.95,1.12
7818856,1977,-0.28333,123.8667,26.76,194.,8.26,0.48
7818858,1977,0.033333,123.7708,27.51,195.,8.04,0.11
7818859,1977,0.21667,123.7500,27.43,195.,7.96,0.31
7818869,1977,-0.44167,123.3167,28.30,197.,8.00,0.57
6831525,1978,45.247,163.760,9.70,292.1,8.008,0.193
6831659,1978,47.938,176.403,7.10,324.9,7.963,0.982
6831967,1978,53.587,177.12,7.20,316.2,8.000,0.835
6832119,1978,56.980,-177.0,8.25,338.5,8.800,3.073
6832203,1978,57.998,-175.08,8.40,342.7,8.161,1.397
6832273,1978,58.252,-174.507,8.40,335.6,8.177,1.501
6832286,1978,58.505,-174.0,8.15,286.6,8.192,1.285
6832320,1978,59.992,-170.930,7.10,318.8,8.076,0.630
6832346,1978,60.995,-168.998,6.80,317.3,7.948,0.402
6832382,1978,63.0,-166.98,11.00,292.7,7.944,0.446
7818880,1978,-0.83333,104.2917,29.35,182.,6.95,0.60
7818881,1978,-0.66667,103.8500,29.31,179.,7.55,0.72
7818884,1978,-0.25000,103.9833,29.29,179.,6.95,0.90
7818886,1978,0.15000,104.0333,29.44,174.,8.00,0.46
7818887,1978,0.50000,103.8500,29.97,176.,7.95,1.18
6832579,1978,64.998,-168.582,8.20,344.0,8.169,2.362
7818896,1978,1.1500,103.7850,29.72,175.,8.00,1.40
7818898,1978,1.1500,103.4583,29.78,175.,6.95,1.01
7818900,1978,1.1750,103.1000,29.63,175.,7.50,1.19
7818902,1978,1.4167,102.7533,29.74,178.,7.15,2.87
6832611,1978,67.672,-168.558,4.00,394.4,8.151,3.954
7818905,1978,1.8917,102.0850,29.94,178.,7.25,0.93
7818907,1978,2.1500,101.7500,30.23,177.,8.10,0.57
6832643,1978,69.168,-168.603,10.20,293.8,8.000,0.376
7818917,1978,2.3567,101.4067,29.81,178.,6.95,0.82
7818919,1978,2.5633,101.0500,29.78,175.,7.90,1.58
7818921,1978,2.7667,100.6667,29.48,170.,8.14,1.03
7818923,1978,3.0917,100.4083,29.51,169.,8.00,0.93
7818924,1978,3.3817,100.1417,29.51,167.,8.10,0.78
6832701,1978,65.788,-168.580,5.30,362.7,8.177,2.404
7818928,1978,3.9667,99.5667,29.76,180.,8.25,0.86
7818939,1978,4.2833,99.3000,29.54,180.,8.00,0.44
7818941,1978,4.5683,99.0333,29.68,183.,8.20,0.42
7818942,1978,4.8800,98.7500,30.40,183.,7.90,0.58
6832760,1978,64.02,-172.05,9.50,324.5,8.267,0.870
6832774,1978,63.0,-173.0,8.20,310.0,8.177,0.376
6832812,1978,61.0,-173.0,7.80,313.7,8.073,0.341
7818950,1978,5.2000,98.6583,29.85,179.,7.85,0.18
6832854,1978,58.988,-173.0,8.60,343.4,8.148,5.754
6832893,1978,56.998,-173.08,7.80,313.7,8.061,2.165
6832904,1978,56.58,-172.995,8.30,313.6,8.086,2.254
6832925,1978,56.13,-173.04,8.50,310.8,8.048,1.401
7819046,1979,-0.90556,104.3056,30.45,183.,7.10,1.12
7819047,1979,-0.66667,103.8333,29.70,192.,6.84,2.76
7819052,1979,0.16944,104.000,28.92,187.,7.15,0.40
7819056,1979,1.1347,103.7522,28.78,173.,7.20,0.96
7819057,1979,1.1972,103.4125,29.52,193.,7.15,0.30
7819063,1979,1.2500,103.0833,28.78,187.,7.30,0.30
7819065,1979,1.5167,102.7756,28.90,183.,7.10,0.34
7819067,1979,1.6667,102.5417,28.84,186.,7.19,0.20
7819069,1979,1.9417,102.1500,28.84,189.,7.13,0.46
7819071,1979,2.2250,101.7611,28.83,180.,7.80,0.50
7819072,1979,2.3722,101.4667,29.13,185.,7.25,0.73
7819084,1979,2.6417,100.9917,29.34,195.,7.19,0.75
7819087,1979,2.9278,100.6875,29.08,200.,7.10,1.05
7819108,1979,5.000,98.7500,28.50,189.,7.20,0.12
7819110,1979,5.2833,98.3333,28.71,193.,7.35,0.34
7818029,1979,-0.50833,123.2917,31.08,184.,8.26,0.060
7818032,1979,-0.63889,122.3889,30.44,186.,8.19,0.10
7818034,1979,-0.63472,122.0500,30.36,192.,8.19,0.14
7818035,1979,-0.68333,121.7000,30.72,197.,8.20,0.090
7818041,1979,-0.65000,121.1750,31.05,197.,8.20,0.10
7818045,1979,-1.2667,120.9167,30.89,190.,8.06,0.040
7818047,1979,-0.60000,120.2667,30.16,198.,8.15,0.14
7818049,1979,-0.32500,120.2750,30.40,197.,8.18,0.040
7818056,1979,-0.058333,120.2847,30.37,203.,8.14,0.090
7818059,1979,0.20833,120.2722,30.57,185.,8.18,0.080
7818061,1979,0.20500,121.1667,30.41,185.,8.21,0.020
7818063,1979,-0.055556,121.1667,30.40,203.,8.17,0.12
7818065,1979,-0.33889,121.1667,30.83,209.,8.25,0.080
7818071,1979,-0.15833,122.0667,30.25,197.,8.16,0.10
7818077,1979,0.30833,122.0667,30.39,198.,8.16,0.090
7818079,1979,-0.25833,123.2917,30.95,209.,8.24,0.12
7818085,1979,0.0083333,123.2889,30.50,211.,8.14,0.12
7818086,1979,0.26667,123.2833,30.29,209.,8.20,0.12
7819149,1980,2.5000,121.8333,29.08,190.,8.10,0.26
7818493,1981,-5.7472,105.5139,28.77,144.,8.20,0.65
7818494,1981,-5.8583,105.4222,28.68,161.,8.22,0.42
7818495,1981,-6.0250,105.4208,28.62,161.,8.30,0.80
7818496,1981,-6.1139,105.3972,28.69,136.,8.35,0.33
7818497,1981,-6.0347,105.2056,29.02,180.,8.30,0.34
7818498,1981,-5.9472,105.1778,29.98,205.,8.26,0.26
7818507,1981,-5.8778,105.0806,28.92,178.,8.35,0.29
7818508,1981,-6.1917,105.0278,28.79,156.,8.40,0.21
7818509,1981,-6.2097,105.1403,28.69,---*---,8.35,0.27
7818512,1981,-6.3694,105.3097,28.67,149.,8.35,0.20
7818513,1981,-6.4972,105.2694,28.69,171.,8.35,0.23
7818514,1981,-6.1639,105.2722,28.85,176.,8.25,0.33
7818515,1981,-6.3556,105.7056,28.75,175.,8.25,0.22
7818516,1981,-6.2792,105.6042,28.66,176.,8.30,0.23
7818517,1981,-6.2028,105.5000,28.65,183.,8.30,0.19
7818529,1981,-6.4069,105.4778,28.64,182.,8.35,0.37
7818530,1981,-6.0125,105.6111,28.64,170.,8.50,0.33
6946783,1982,36.927,-127.515,13.50,249.,8.098,0.405
6946945,1982,31.657,-124.372,17.10,235.,8.104,0.0790
6947182,1982,17.47,-117.0,24.80,200.,8.221,0.0830
6947937,1983,-2.755,-117.0,28.40,189.,8.234,0.141
6948135,1983,3.982,-116.988,28.60,187.,8.256,0.101
6989661,1984,69.90,49.62,8.89,292.,8.30,0.667
6989753,1984,70.73,51.30,9.76,278.,8.26,0.318
7954133,1984,71.0,51.80,9.10,296.,8.28,0.423
6989880,1984,71.22,52.23,8.99,280.,8.42,0.712
6990149,1984,70.58,54.77,8.32,312.,8.38,0.172
7954139,1984,70.42,54.55,9.87,285.,8.17,0.629
6990296,1984,69.85,54.15,10.10,315.,8.27,0.315
6990354,1984,69.53,53.93,9.46,285.,8.36,0.190
7954144,1984,69.13,53.63,8.13,260.,8.20,0.150
7954145,1984,68.48,50.87,7.82,327.,8.25,0.957
6990574,1984,68.58,50.50,7.69,260.,8.35,0.659
6990609,1984,68.67,50.03,7.68,272.,8.21,0.671
6990652,1984,68.72,49.85,7.89,297.,8.16,0.516
7620370,1984,68.65,48.95,8.86,269.,8.19,0.886
6990919,1984,68.45,48.83,6.01,318.,8.18,1.566
6990929,1984,68.22,48.73,7.15,274.,8.15,0.756
6990950,1984,67.97,48.62,9.29,278.,8.15,0.998
6991073,1984,68.23,39.83,8.10,264.,8.51,1.550
6991121,1984,68.410,40.092,8.38,290.,8.46,0.501
6991161,1984,68.960,40.33,6.73,318.,8.38,1.255
6991219,1984,69.558,40.742,8.45,306.,8.30,0.610
7954157,1984,70.25,41.33,8.79,316.,8.31,0.489
6991596,1984,74.60,39.80,5.42,309.,8.32,0.294
6991610,1984,74.50,41.0,5.53,303.,8.37,0.221
6991635,1984,74.50,42.28,5.65,303.,8.34,0.279
6991645,1984,74.50,43.50,6.12,302.,8.46,0.244
6991664,1984,74.50,44.73,7.27,291.,8.37,0.301
6991706,1984,74.0,50.0,7.30,292.,8.31,0.177
6991718,1984,73.87,50.77,8.05,294.,8.43,0.317
6991763,1984,73.65,52.03,7.58,300.,8.32,0.420
6991779,1984,73.57,52.53,7.73,299.,8.26,0.452
6991795,1984,73.38,53.55,7.68,297.,8.32,0.426
6991839,1984,72.82,47.58,7.93,285.,8.41,0.301
6991845,1984,72.63,48.13,8.11,279.,8.44,0.338
6991880,1984,72.43,48.68,7.51,---*---,8.43,0.354
6991956,1984,72.25,49.27,7.87,291.,8.34,0.570
6992079,1984,70.83,43.25,7.85,272.,8.42,0.312
6992114,1984,70.50,43.25,8.33,285.,8.43,0.466
6992185,1984,70.08,43.25,7.65,275.,8.46,0.663
6992210,1984,69.75,43.25,7.64,303.,8.49,1.078
6992218,1984,69.58,43.25,7.52,305.,8.35,1.189
6992273,1984,69.42,43.25,7.55,297.,8.44,1.053
7954174,1984,69.08,43.25,6.76,275.,8.41,0.445
6992320,1984,68.92,43.25,6.74,272.,8.46,1.052
6992376,1984,68.75,43.25,7.82,318.,8.30,1.087
6999372,1984,-70.150,23.967,2.10,427.,8.53,1.98
6999373,1984,-70.150,23.800,1.90,438.3,8.51,2.40
6999377,1984,-70.150,24.150,0.50,457.5,8.45,1.62
6999427,1984,-70.067,24.000,1.70,428.,8.49,2.47
6999428,1984,-70.083,23.800,0.50,448.3,8.46,1.68
6999433,1984,-70.167,24.333,0.50,410.,8.39,4.99
6999458,1984,-70.083,24.167,1.60,416.,8.47,2.82
6999465,1984,-70.200,24.450,0.40,415.,8.36,4.62
7001962,1985,-70.150,24.017,-0.60,382.,8.25,0.76
7001972,1985,-70.150,23.783,-0.50,393.,8.46,1.79
7002058,1985,-70.17,24.17,-0.50,387.,8.48,1.58
7002069,1985,-70.20,24.17,-0.70,386.,8.48,1.96
7002176,1985,-70.23,24.27,-0.60,388.,8.47,2.03
7002198,1985,-70.22,23.82,-0.40,380.,8.50,2.31
7002262,1985,-70.233,23.983,-0.60,380.,8.50,2.54
7002269,1985,-70.25,24.07,-1.00,381.,8.43,1.21
7002288,1985,-70.07,24.42,-0.80,379.,8.45,1.44
7003407,1985,-67.95,30.28,0.40,343.,8.18,0.46
7954197,1985,69.7917,40.35,-0.060,343.,8.20,0.514
7954199,1985,70.22,41.0,0.070,335.,8.26,0.221
7954200,1985,70.50,42.52,-1.99,385.,8.22,0.310
7954201,1985,69.62,36.73,1.23,338.,8.20,0.158
7954202,1985,70.10,37.17,1.38,336.,8.03,0.368
7954203,1985,71.0,38.0,1.88,337.,8.13,0.217
7954204,1985,71.50,38.57,0.92,338.,8.18,0.271
7954205,1985,72.0,39.17,0.20,344.,8.14,0.154
7954206,1985,73.0,39.08,-0.72,361.,8.18,0.157
7954207,1985,74.0,39.0,-0.90,353.,8.11,0.195
7954208,1985,75.0,39.17,-1.98,361.,8.03,0.169
7954209,1985,76.0,39.17,-1.46,357.,8.04,0.185
7954210,1985,76.45,38.98,-1.79,350.,7.99,0.210
7954211,1985,76.292,38.82,-1.88,350.,8.18,0.237
7954212,1985,76.0,33.50,-0.86,346.,8.09,0.311
7954213,1985,75.50,33.50,0.82,336.,7.99,0.218
7954214,1985,75.0,33.50,0.15,348.,8.00,0.269
7954216,1985,74.0,33.50,2.73,323.,8.16,0.221
7954217,1985,73.50,33.50,2.61,320.,8.21,0.249
7954218,1985,73.0,33.50,1.00,332.,7.98,0.442
7954219,1985,72.50,33.50,2.79,322.,8.11,0.342
7954220,1985,72.0,33.50,2.79,324.,8.19,0.842
7954221,1985,71.50,33.50,2.94,322.,8.18,0.299
7954222,1985,71.0,33.50,3.08,315.,8.17,0.223
7954223,1985,70.50,33.50,2.51,316.,8.24,0.224
7954224,1985,70.0,33.50,2.27,334.,8.23,0.193
7954225,1985,69.50,33.50,0.83,335.,8.19,0.742
7954338,1986,69.9617,40.7200,3.34,353.,8.30,0.320
7954339,1986,69.9217,41.2050,3.51,354.,8.34,0.144
7954343,1986,69.92,42.92,3.17,355.,8.42,0.252
7954346,1986,70.4133,41.6950,2.44,368.,8.54,0.400
7954348,1986,70.0767,41.4817,2.92,358.,8.50,0.323
7954351,1986,70.80,37.8067,4.96,339.,8.38,0.865
7742481,1987,69.50,33.50,5.55,---*---,8.26,0.627
7742482,1987,70.0,33.50,5.06,356.,8.25,1.327
7742483,1987,70.50,33.50,4.48,368.,8.18,1.384
7742484,1987,71.0,33.50,4.54,368.,8.24,2.781
7742485,1987,71.50,33.50,5.68,351.,8.25,1.124
7742486,1987,72.0,33.50,5.78,347.,8.27,0.415
7742489,1987,72.50,33.50,6.00,376.,8.20,0.471
7742492,1987,73.0,33.50,4.54,415.,8.33,1.001
7742495,1987,73.50,33.50,4.64,389.,8.14,0.719
7742498,1987,74.0,33.50,3.16,406.,8.38,1.280
7742501,1987,74.50,33.50,2.90,395.,8.19,0.782
7742504,1987,75.0,33.50,0.050,384.,8.32,0.381
7742505,1987,76.02,29.97,0.040,367.,8.25,0.125
7742506,1987,75.50,30.0,1.08,360.,8.22,0.283
7742507,1987,75.0,30.0,3.15,366.,8.25,0.0820
7742508,1987,74.50,30.0,4.73,373.,8.23,0.272
7742509,1987,74.0,30.0,4.32,368.,8.23,0.493
7742510,1987,73.67,30.0,4.72,362.,7.82,0.314
7742511,1987,73.33,30.0,4.68,371.,8.25,0.745
7742512,1987,73.0,30.0,4.24,352.,8.15,1.101
7742513,1987,72.50,30.0,5.42,339.,8.05,0.415
7742515,1987,72.0,30.0,6.17,353.,7.94,0.351
7742516,1987,71.25,30.0,6.74,335.,8.09,0.326
7742517,1987,72.0,39.67,3.30,334.,8.15,0.258
7742518,1987,71.50,39.0,4.76,347.,8.43,0.722
7742519,1987,71.0,38.33,5.18,347.,8.28,0.944
7742520,1987,70.50,37.72,5.50,342.,8.14,0.688
7742521,1987,70.12,37.20,5.70,337.,8.33,0.571
7742522,1987,69.87,36.93,6.05,338.,8.39,0.448
7742523,1987,69.65,36.67,5.75,337.,8.28,0.371
7742525,1987,69.20,36.17,6.20,342.,8.35,0.331
7742527,1987,71.27,27.55,5.72,335.,8.24,0.598
7742528,1987,71.60,27.43,5.70,337.,8.33,0.590
7742529,1987,71.97,27.17,5.06,328.,8.29,0.571
7742530,1987,72.02,26.98,5.20,347.,8.47,1.287
7742531,1987,72.70,26.67,5.49,320.,8.18,0.317
7742532,1987,72.83,26.65,5.48,318.,8.38,0.369
7742533,1987,73.02,26.57,5.62,321.,8.23,0.556
7742539,1987,70.45,18.73,6.95,316.,8.30,0.355
7742541,1987,74.50,25.55,3.64,333.,8.29,0.807
7742542,1987,74.0,26.05,4.59,333.,8.08,0.520
7742543,1987,73.55,26.18,5.04,347.,8.40,1.867
7742544,1987,73.12,26.48,5.70,319.,8.26,0.216
7742545,1987,72.35,26.98,5.60,327.,8.13,0.190
7742546,1987,71.0,30.0,6.76,328.,8.14,0.355
7954447,1988,70.0,33.52,2.57,325.,8.13,0.268
7954450,1988,71.0,33.50,2.74,325.,8.06,0.205
7954452,1988,69.1180,36.080,0.68,335.,8.15,0.0500
7954453,1988,72.0,33.50,3.05,325.,8.07,0.143
7954455,1988,69.1180,36.080,0.78,339.,8.10,0.0590
7954456,1988,73.0,33.50,2.78,324.,8.16,0.285
7954457,1988,69.1180,36.080,1.32,358.,8.18,0.130
7954459,1988,74.0,33.50,2.57,325.,8.07,0.0720
7954462,1988,75.0,33.50,-1.90,359.,8.13,7.682
7954464,1988,69.1180,36.080,1.00,337.,8.22,0.449
7954470,1988,69.1180,36.080,1.00,332.,8.13,1.080
7954476,1988,69.1180,36.080,0.72,348.,8.19,0.531
7954482,1988,69.1180,36.080,0.68,356.,8.19,0.382
7954483,1988,72.03,24.07,3.85,335.,8.02,0.882
7954485,1988,71.37,25.42,3.87,316.,7.97,0.440
7954486,1988,69.1180,36.080,0.16,359.,8.22,0.785
7954487,1988,69.1180,36.080,0.33,397.,8.29,0.933
7954489,1988,72.80,22.42,3.76,317.,8.12,0.495
7954490,1988,69.1180,36.080,-0.25,362.,8.21,0.739
7954492,1988,73.33,21.25,3.91,318.,8.13,0.248
7954493,1988,69.1180,36.080,0.53,362.,8.26,1.369
7954494,1988,73.58,20.77,3.18,322.,8.12,0.158
7954496,1988,73.87,20.15,2.38,328.,8.18,0.202
7954499,1988,69.1180,36.080,0.53,358.,8.04,0.640
7954500,1988,69.1180,36.080,0.94,359.,8.09,0.732
7954502,1988,69.1180,36.080,0.91,358.,8.16,0.927
7954505,1988,69.1180,36.080,0.48,363.,8.42,0.729
7954506,1988,69.1180,36.080,0.33,386.,8.33,1.097
7954507,1988,69.1180,36.080,1.35,371.,8.27,0.336
7954508,1988,69.1180,36.080,1.10,363.,8.26,0.214
7954509,1988,69.1180,36.080,1.62,397.,8.36,0.463
7954510,1988,69.1180,36.080,1.32,356.,8.25,0.272
7954511,1988,69.1180,36.080,1.42,352.,8.25,0.382
7954512,1988,69.1180,36.080,1.72,379.,8.25,0.0950
7954514,1988,69.1180,36.080,1.52,347.,8.26,0.603
8259099,1990,10.03,108.0,24.70,224.,8.20,0.230
8259100,1990,10.37,108.0,24.97,216.,8.17,0.390
8259119,1990,8.62,105.82,25.50,206.,8.19,0.460
8259219,1990,32.15,32.0,16.87,233.,8.09,0.0500
8259225,1990,31.87,31.0,16.67,234.,8.25,---*---
8259226,1990,32.12,31.0,16.58,237.,8.26,---*---
8259229,1990,32.0,30.50,16.72,237.,8.25,---*---
8259236,1990,31.53,29.50,17.16,240.,8.23,0.0700
7145220,1991,0.000,-97.0000,23.1180,200.7,8.1630,0.15
7145245,1991,0.000,-98.4900,23.1690,200.7,8.1600,0.21
7145257,1991,0.000,-99.7600,23.1210,200.7,8.1570,0.24
7145315,1991,0.000,-104.9300,25.3790,227.1,8.2300,0.21
7145327,1991,0.000,-106.7000,24.3220,---*---,8.2300,0.22
7145372,1991,0.000,-108.4700,23.7880,209.4,8.1880,0.18
7145494,1991,0.000,-110.0000,24.2790,200.8,8.2280,0.18
7145600,1991,0.000,-111.5000,24.5530,200.8,8.2320,0.18
7145615,1991,0.000,-113.1700,24.3970,192.0,8.2140,0.13
7145632,1991,0.000,-114.9000,24.3600,200.7,8.2330,0.30
7145651,1991,0.000,-116.4900,24.3410,200.7,8.2240,0.21
7145674,1991,0.000,-118.4000,24.7280,200.8,8.2350,0.19
7145694,1991,0.000,-120.1900,24.3010,---*---,---*---,0.18
7145713,1991,0.000,-121.6300,24.7470,---*---,---*---,0.21
7145804,1991,0.2000,-124.7800,25.0540,205.1,8.1170,0.26
7145836,1991,0.000,-127.2500,25.2840,196.5,8.1090,0.18
7145842,1991,0.000,-128.5900,26.0970,196.5,8.2280,0.17
7145852,1991,0.000,-130.6500,25.5050,192.1,8.1040,0.24
7145871,1991,0.000,-132.6300,25.6270,183.3,8.1330,0.24
7145881,1991,0.000,-134.5500,25.9090,183.3,8.1100,0.32
7145893,1991,0.000,-136.3700,25.9970,187.7,8.1360,0.33
7145898,1991,0.000,-137.9200,26.3760,192.1,8.0960,0.25
8561591,1992,-56.993,-23.308,-1.021,---*---,8.22,0.26
8561593,1992,-56.152,-15.425,-1.721,355.,8.23,0.24
8561595,1992,-57.745,-6.477,-1.824,---*---,---*---,---*---
8561597,1992,-56.993,-6.007,-1.841,---*---,---*---,---*---
8561599,1992,-55.965,-5.941,-1.793,---*---,---*---,---*---
8561601,1992,-55.002,-6.047,-1.804,---*---,---*---,---*---
8561603,1992,-53.998,-5.995,-1.577,---*---,---*---,---*---
8561605,1992,-53.002,-5.998,-1.160,---*---,---*---,---*---
8561608,1992,-48.013,-5.998,1.846,---*---,---*---,---*---
8561611,1992,-49.990,-5.992,1.059,---*---,---*---,---*---
8561614,1992,-56.072,-6.843,-1.753,---*---,---*---,---*---
8561615,1992,-55.990,-6.059,-1.750,---*---,---*---,---*---
8561618,1992,-55.008,-6.005,-1.608,---*---,---*---,---*---
8561620,1992,-54.001,-6.012,-1.462,---*---,---*---,0.21
8561624,1992,-52.006,-5.997,0.00100,---*---,---*---,---*---
8561626,1992,-51.002,-5.997,0.193,---*---,---*---,---*---
8561628,1992,-49.993,-5.977,1.334,---*---,---*---,---*---
8561630,1992,-49.007,-5.999,1.539,---*---,---*---,---*---
8561632,1992,-48.008,-5.997,2.431,---*---,---*---,---*---
8561634,1992,-46.987,-5.943,2.216,---*---,---*---,---*---
8561636,1992,-55.012,-6.032,-1.367,---*---,---*---,---*---
8561642,1992,-57.489,-5.997,-1.665,---*---,---*---,---*---
8561643,1992,-57.993,-5.982,-1.691,---*---,---*---,0.42
8561645,1992,-59.003,-6.003,-1.839,---*---,---*---,---*---
8561646,1992,-59.490,-5.992,-1.817,---*---,---*---,---*---
8561647,1992,-57.252,-5.977,-1.740,341.,8.19,---*---
8561648,1992,-57.500,-6.025,-1.716,342.,8.18,---*---
8561650,1992,-58.000,-6.003,-1.662,336.,8.20,0.40
8561651,1992,-58.000,-6.510,-1.630,328.,8.21,0.40
8561653,1992,-57.497,-6.512,-1.711,341.,8.21,---*---
8561655,1992,-57.000,-6.505,-1.684,342.,8.24,0.39
8561657,1992,-59.499,-5.997,-1.829,---*---,---*---,---*---
8561658,1992,-58.997,-5.992,-1.837,---*---,---*---,---*---
8561661,1992,-57.993,-5.992,-1.531,---*---,---*---,0.35
8561666,1992,-57.071,-5.996,-1.491,---*---,---*---,---*---
8561668,1992,-56.008,-6.002,-1.180,---*---,---*---,---*---
8561670,1992,-55.003,-6.013,-1.230,---*---,---*---,---*---
8561672,1992,-53.995,-5.998,-1.087,---*---,---*---,0.32
8561674,1992,-52.993,-5.988,-0.383,---*---,---*---,0.28
8561678,1992,-50.997,-6.010,0.769,---*---,---*---,0.24
8561681,1992,-50.015,-5.978,2.031,---*---,---*---,1.92
8561685,1992,-48.999,-5.990,2.085,---*---,---*---,1.42
8561689,1992,-48.011,-6.005,3.810,---*---,---*---,---*---
8561693,1992,-47.000,-6.001,3.714,---*---,---*---,---*---
8561694,1992,-48.006,-6.003,3.900,341.,8.24,1.58
8561696,1992,-48.597,-6.003,4.136,---*---,---*---,1.58
7844524,1993,49.49700,-10.99600,15.752,262.418,8.180,0.132
8736446,1993,49.50100,-11.50600,---*---,258.418,8.200,0.176
7844527,1993,49.42000,-11.99100,16.226,252.370,8.180,0.132
7844533,1993,49.19300,-12.94400,15.715,259.784,8.200,0.199
7844536,1993,49.00300,-13.49700,15.935,262.223,8.210,0.202
8736480,1993,48.50100,-15.00500,15.888,259.882,8.220,0.266
7844560,1993,48.99800,-13.50200,15.889,256.955,8.200,0.179
7844568,1993,49.33300,-12.51600,15.257,260.662,8.160,0.249
7844576,1993,49.50200,-11.49700,15.102,262.711,8.160,0.333
7844585,1993,49.50400,-10.49900,15.443,257.541,8.200,0.149
7844591,1993,48.66100,-11.00400,15.627,264.564,8.230,0.234
7844597,1993,48.66900,-11.50500,11.306,245.541,8.110,0.112
7844600,1993,48.67000,-12.00500,---*---,259.004,8.220,0.109
7844601,1993,48.33800,-11.98600,16.444,250.517,8.200,0.196
7844603,1993,48.33300,-11.51300,16.062,273.637,8.190,0.419
8736577,1993,48.33500,-11.00200,16.305,265.442,8.190,0.202
7171395,1993,56.283,-164.583,10.676,290.,8.27,0.292
7171420,1993,56.867,-164.633,10.202,299.,8.25,2.458
7171444,1993,56.533,-165.150,10.965,281.,8.26,2.409
7171460,1993,56.233,-165.633,10.945,292.,8.29,0.841
7171465,1993,56.833,-165.650,11.450,286.,8.28,1.067
7171501,1993,53.117,-177.233,9.775,304.,8.22,2.662
7171529,1993,53.467,177.467,9.782,306.,8.21,0.589
7171544,1993,57.950,-176.017,10.644,286.,8.21,0.0240
7171577,1993,53.517,-175.567,9.400,302.,8.21,0.627
7171608,1993,54.517,175.500,11.141,291.,8.18,0.329
7171635,1993,54.483,176.533,10.759,---*---,---*---,0.245
7171684,1993,58.000,-174.967,10.058,298.,8.25,0.507
7171707,1993,58.483,-175.550,10.121,286.,8.27,0.00500
7171715,1993,58.533,-174.333,10.221,285.,8.28,0.607
7171748,1993,60.467,-178.650,9.182,297.,8.31,0.289
7171755,1993,61.767,-179.300,8.694,304.,8.30,0.0120
7171780,1993,62.350,-177.383,8.000,348.,8.29,0.207
7171799,1993,62.017,-175.000,8.137,302.,8.25,0.331
7171802,1993,62.417,-174.000,8.008,306.,8.26,0.149
7171824,1993,62.717,-176.217,7.915,308.,8.31,0.166
7171835,1993,63.367,-177.850,7.802,318.,8.32,1.013
7171849,1993,63.983,-179.333,6.303,352.,8.53,0.153
7171855,1993,63.367,-172.200,8.760,307.,8.36,0.265
7171858,1993,63.517,-172.983,7.842,308.,8.37,0.405
7171860,1993,63.267,-173.017,8.341,302.,8.37,0.452
7171867,1993,62.983,-173.000,8.732,298.,8.27,0.175
7171868,1993,60.167,-174.000,8.442,303.,8.35,0.349
7171872,1993,64.650,-176.783,8.215,314.,8.32,0.387
7171884,1993,64.750,-171.517,1.997,262.,7.92,2.394
7171888,1993,64.400,-169.217,7.073,318.,8.36,1.969
7171889,1993,64.950,-169.933,1.897,294.,8.05,0.935
7171899,1993,62.400,-170.333,2.227,277.,7.98,1.684
7171902,1993,65.250,-169.400,1.773,302.,7.98,0.958
7171919,1993,67.750,-167.233,5.540,316.,8.25,0.966
7171923,1993,67.350,-168.750,6.782,312.,8.23,1.12
7171924,1993,68.167,-168.700,4.468,---*---,---*---,0.737
7171925,1993,71.267,-164.233,3.104,344.,8.28,0.265
7171926,1993,72.233,-158.600,0.449,376.,8.27,0.326
7171930,1993,73.100,-160.333,0.619,370.,8.26,0.265
7171935,1993,70.833,-174.600,3.867,325.,8.23,2.346
7171939,1993,70.200,179.017,1.153,363.,8.21,0.222
7171946,1993,68.750,-176.200,3.761,334.,8.26,2.08
7171950,1993,66.533,-170.150,3.183,303.,7.90,1.314
7171992,1993,55.800,-167.000,9.769,289.,8.22,1.027
7735266,1993,49.12878,-13.43617,15.973,266.281,8.178,0.140
7553416,1994,15.000,64.000,---*---,---*---,---*---,0.0510
7735559,1995,47.43206,-7.27040,11.445,225.446,8.123,---*---
8738001,1995,49.08403,-13.41943,16.653,238.127,8.200,0.0700
7846398,1995,49.40342,-11.55205,---*---,---*---,---*---,0.650
7846403,1995,49.19553,-12.85834,16.157,243.981,8.230,0.467
7846405,1995,49.08059,-13.40249,16.092,236.664,8.250,0.482
7846406,1995,49.07724,-13.38921,16.129,234.713,8.250,0.330
7846408,1995,48.98827,-16.47227,16.312,232.274,8.240,0.150
7846410,1995,49.01336,-16.47995,16.286,234.128,8.250,0.120
7846412,1995,48.97797,-13.74470,15.857,239.396,8.240,0.746
7846414,1995,48.98851,-13.73283,14.373,231.494,8.180,0.396
7846416,1995,49.19215,-12.80656,15.639,236.371,8.200,0.254
7846417,1995,49.33683,-11.99646,15.859,235.396,8.240,0.400
7846420,1995,49.30557,-12.50579,15.694,---*---,---*---,0.450
7846426,1995,49.01401,-12.62764,15.906,244.273,8.220,0.570
